VEC,∆χ,δ(%),ΔHmix,∆Smix,Type
7,0.12,6.35,22.58,16.01,AM
4.38,0.2,11.08,48.46,13.25,AM
7.5,0.29,11.25,23,5.76,AM
7.5,0.16,6.84,30,5.76,AM
9.2,0.16,9.29,23.68,13.38,AM
4.2,0.26,15.25,13.12,13.38,AM
5.33,0.35,18.14,13.11,14.9,AM
4.11,0.26,15.63,12.15,14.53,AM
4.4,0.3,13.74,37.6,13.38,AM
4.4,0.11,7.84,20,13.38,AM
6.8,0.22,9.24,21.28,13.38,AM
4,0.11,4.57,0.1,5.76,AM
6.5,0.3,11.22,3,5.76,AM
7,0.24,12.5,49,5.76,AM
6,0.3,12.47,4,5.76,AM
6.6,0.27,10.32,27.36,13.38,AM
6.2,0.25,10.42,15.84,13.38,AM
6.4,0.26,10.23,23.52,13.38,AM
7,0.14,6.99,17.18,16.01,AM
7.55,0.12,5.51,7.93,14.7,AM
4.6,0.23,8.68,34.08,13.38,AM
4.67,0.26,9.09,16.11,14.9,AM
4.5,0.24,8.64,32.19,17.29,AM
5.03,0.22,13.96,35.2,12.18,AM
9.3,0.14,9.08,24.88,10.64,AM
6.49,0.3,18.56,33.35,13.66,AM
5.26,0.3,11.02,8.45,9.45,AM
7.1,0.28,11.84,24.88,8.79,AM
4.2,0.25,13.55,34.92,11.26,AM
6.9,0.29,18.4,33.36,12,AM
6.54,0.2,16.72,25.88,11.59,AM
9.22,0.17,9.64,24.94,10.55,AM
4,0.26,13.47,14.26,7.37,AM
7,12,6.35,22.58,16.01,AM
4.38,20,11.08,48.64,13.25,AM
7.5,29,11.25,23,5.76,AM
7.5,16,6.84,30,5.76,AM
9.2,16,9.29,23.68,13.38,AM
4.2,26,15.25,13.12,13.38,AM
6.7,11.24,17.14,22.32,10.65,AM
4.69,13.93,14.66,38,11.46,AM
6.38,8.33,13.37,20.02,9.7,AM
4.75,10.64,11.28,26.37,11.3,AM
7.38,4.71,15.01,24.16,8.83,AM
4.67,15.75,7.48,16.11,14.9,AM
7.5,12.27,8.86,33.43,9.69,AM
6.76,11.14,17.14,22.48,10.3,AM
4.2,19.46,14.47,34.47,8.22,AM
7.8,16.56,11.05,23.87,7.03,AM
5.24,14.37,13.54,33.16,12.47,AM
4,22.13,13.45,14.26,7.37,AM
8.01,16.41,11.25,21.92,6.63,AM
8.01,16.03,10.92,23.12,7.08,AM
7.8,10.84,8.19,31.64,8.84,AM
5.78,16.34,9.85,31.51,10.18,AM
7.5,17.65,11.28,23,5.76,AM
4.91,14.16,14.22,36.14,11.97,AM
4.4,21.21,13.74,37.6,13.38,AM
4.3,20.37,9.36,13.24,9.1,AM
4.2,21.28,15.25,13.12,13.38,AM
4.56,13.83,14.94,38.55,11.16,AM
6.53,8.24,13.37,20.21,9.87,AM
8.2,15.64,10.33,17.28,9.05,AM
7.16,4.96,14.95,24.37,10.91,AM
7.47,14.62,11.21,42.85,8.97,AM
5.14,14.32,13.76,34.27,12.34,AM
9.03,5.43,6.19,30.75,4.51,AM
6.83,10.8,9.1,25.96,10.31,AM
7.67,16.75,11.06,24.24,7.07,AM
3.23,98.35,98.13,0.89,7.31,AM
7.31,9.18,17.52,27.72,8.58,AM
5.33,26.51,18.14,13.11,14.9,AM
7.53,16.5,10.89,25.06,7.56,AM
5.18,24.33,11.35,25.24,9.89,AM
9.2,7.59,9.29,23.68,13.38,AM
5.24,24.43,11.27,26.36,9.59,AM
4.77,25.5,16.02,27.31,10.06,AM
7.76,15,11.6,42.19,7.85,AM
5.25,14.37,13.53,33.2,12.47,AM
3.64,7.79,7.02,14.1,4.17,AM
6.9,14.66,18.41,33.36,12,AM
7.5,8.83,6.84,30,5.76,AM
7.75,16.88,11.15,23.81,6.77,AM
7.49,14.26,10.99,41.77,9.13,AM
4.35,18.24,10.55,5.71,7.12,AM
6.88,14.7,18.4,33.41,12.82,AM
4.4,7.42,7.86,20,13.38,AM
4.8,14.06,14.44,37.07,11.73,AM
9.04,5.92,6.3,32.16,5.58,AM
9.82,14.1,8.25,20.63,9.01,AM
6.6,16.64,10.34,27.36,13.38,AM
6.8,13.42,9.26,21.28,13.38,AM
4.5,20.63,16.48,39.78,11.17,AM
4.75,11.79,12.01,28.26,11.98,AM
7.7,14.82,11.46,42.07,8.2,AM
4.61,25.29,15.69,27.06,9.72,AM
6,4.07,15.69,34.5,11.53,AM
5.55,16.73,10.14,39.27,8.13,AM
4.62,11.34,12.18,25.88,11.59,AM
4.09,22.41,15.71,12.15,14.53,AM
7.01,11.47,9.94,23.14,10.86,AM
9,6.75,9.17,22.72,8.77,AM
4.35,18.42,9.13,7.69,8.52,AM
2.9,14.23,6.91,4.4,5.31,AM
4.2,20.39,13.53,33.96,11.26,AM
5.6,16.68,9.96,35.44,8.36,AM
3.84,27.09,21.04,12.91,11.26,AM
4.58,13.79,14.88,38.92,11.15,AM
3.35,16.93,8.36,6.9,6.81,AM
5.03,14.24,13.99,35.2,12.18,AM
7.2,11.28,8.22,33.14,9.68,AM
5.03,14.23,13.98,35.15,12.19,AM
5.26,19.63,11.02,8.45,9.45,AM
6.2,13.58,12.53,30.24,13.38,AM
9.05,5.66,6.21,31.14,5.06,AM
4.2,18.41,13.96,33.93,11.3,AM
7.62,14.99,11.53,43.01,8.3,AM
4.2,19.37,14.47,34.41,9.81,AM
5.3,25.43,15.89,26.56,9.05,AM
4.75,23.45,10.87,27.37,9.99,AM
6.51,11.55,9.48,21.2,11.9,AM
5,24,11.59,22.12,10.21,AM
3.56,8.33,7.56,14.47,4.44,AM
9.07,5.88,6.23,31.49,5.52,AM
4.33,17.38,9.61,7.35,9.96,AM
5.3,24.54,11.2,27.52,9.05,AM
7.75,11.02,8.3,32.28,8.84,AM
5.57,16.47,9.66,32.35,8.32,AM
6.69,6.62,6.6,27.01,15.08,AM
4.86,25.55,15.71,26.89,9.48,AM
6.82,10.79,9.69,29.88,10.13,AM
8.14,16.22,11.06,22.59,6.6,AM
4.2,19.18,14.48,34.28,11.26,AM
4.73,18.78,11.41,7.22,7.83,AM
7.14,10.65,7.66,16.56,9.15,AM
8.14,14.19,9.94,18.01,9.51,AM
4.7,24.51,14.27,21.56,7.42,AM
7.65,12.51,8.98,16.35,10.45,AM
4.18,18.56,13.95,33.26,10.95,AM
7.8,13.16,9.45,33.16,8.84,AM
7.5,11.1,8.24,32.74,9.33,AM
5.3,21.97,15.31,28,9.05,AM
5.79,16.54,10.11,34.91,9.98,AM
4.6,25.01,15.24,25.24,7.24,AM
9.3,6.94,9.08,24.88,10.64,AM
7.45,17.03,11.05,24.76,7.11,AM
7.68,14.82,11.46,42.41,8.24,AM
6.8,15.23,13.42,25.99,8.86,AM
8.2,16.28,11.12,22.33,6.36,AM
7.63,14.81,11.42,42.47,8.41,AM
5.68,16.31,12.48,30.62,10.18,AM
3.45,8.26,7.56,10.47,4.24,AM
9.13,6.41,6.28,32.26,6.58,AM
7.63,16.82,11.06,24.37,7.08,AM
7.75,12.22,8.96,33.06,9.19,AM
4.53,25.16,15.51,26.91,9.54,AM
6.49,15.29,18.56,33.35,13.66,AM
7.64,27.41,24.31,14,10.43,AM
5.3,24.98,11.46,27.52,9.05,AM
5.78,16.37,10.04,33.61,10.39,AM
7.23,4.88,14.97,24.34,10.54,AM
9.6,14.47,8.67,21.49,9.88,AM
3.75,18.49,9.48,8.02,7.37,AM
4.2,22.04,14.16,34.57,11.26,AM
4.2,19.23,14.48,34.32,11.01,AM
3.55,7.42,6.96,12.99,4.17,AM
5.06,24.24,11.06,27.43,9.82,AM
4.2,17.06,13.55,34.92,11.26,AM
4.45,15.97,9.46,6.27,8.52,AM
7.77,12.46,8.77,16.89,10.07,AM
6.95,10.75,8.08,19.61,9.68,AM
7.58,14.84,11.76,20.89,9.42,AM
5.75,16.82,9.97,32.22,8.39,AM
7.1,17.52,11.86,24.88,8.79,AM
4.3,18.29,10.73,5.86,8.16,AM
7.3,4.8,14.99,24.27,9.88,AM
4.4,17.11,10.03,5.98,8.16,AM
4.6,24.1,14.47,19.86,9.32,AM
2.34,14.02,12.08,3.95,11.93,AM
7.47,17.28,11.15,24.16,6.71,AM
7.2,12.38,8.79,33.76,10.15,AM
7.43,16.88,10.47,24.67,9.13,AM
9.11,6.24,6.26,32.05,6.27,AM
4.35,18.09,10.56,5.71,7.12,AM
5.22,24.75,15.82,22.06,10.39,AM
4.1,24.91,16.37,10.6,14.53,AM
4.5,14.51,8.66,32.19,17.29,AM
9.22,8.04,9.64,24.94,10.55,AM
4.3,20.23,9.37,13.24,9.1,AM
7.7,11.21,8.42,32.96,8.59,AM
8.2,15.36,10.55,18.72,7.47,AM
4.75,9.97,10.85,25.43,10.7,AM
3.77,28.72,20.32,4.68,10.66,AM
6.7,11.22,17.2,22.65,10.54,AM
7.8,12.06,8.86,32.4,9.05,AM
8.23,7.65,10.7,28.95,9.76,AM
6.69,6.69,18.66,26.57,10.04,AM
7.77,12.48,8.63,15.44,9.7,AM
3.3,16.42,8.31,5.4,6.07,AM
6.7,16.01,11.33,43.47,8.72,AM
6.23,8.37,13.37,19.76,9.42,AM
6.69,8.13,7.22,21.26,15.08,AM
6.85,14.74,18.4,33.46,13.34,AM
4.72,23.72,15.88,15.33,11.93,AM
3.8,27.93,20.91,9.76,11.08,AM
7.4,0.14,6.68,16.32,13.38,IM
7.5,0.14,5.49,12,14.9,IM
7.33,0.15,6.29,13.44,14.9,IM
7.5,0.15,5.5,8.13,17.29,IM
7.43,0.15,7.24,14.04,14.53,IM
3.8,0.16,10.95,14.88,13.38,IM
6,0.2,11.48,24.89,14.9,IM
8.14,0.13,5.7,6.75,14.87,IM
8,0.14,6.12,8.44,14.9,IM
7.73,0.14,6.26,10.11,16,IM
7.62,0.14,6.54,11.6,16.01,IM
7.51,0.14,6.76,12.89,15.97,IM
7.41,0.15,6.94,14.02,15.91,IM
7.31,0.15,7.09,15.01,15.82,IM
7.22,0.15,7.21,15.86,15.72,IM
7.13,0.15,7.31,16.6,15.6,IM
7.95,0.12,4.09,4.07,15.92,IM
7.86,0.12,4.07,4.71,16,IM
7.77,0.12,4.04,5.25,16.01,IM
6,0.24,9.42,34.11,14.9,IM
6.46,0.15,7.5,23.91,14.78,IM
6.38,12.41,9.85,22.04,13.85,IM
5.33,14.99,9.18,2.67,9.13,IM
6.33,5.73,2.82,4.5,9.49,IM
6,12.43,11.5,24.89,14.9,IM
3.7,10.54,3.85,1.14,6.47,IM
7.06,5.05,1.22,1.57,7.14,IM
6.37,12.37,9.83,21.88,13.98,IM
6.38,12.43,9.86,22.11,13.78,IM
8.19,5.46,1.84,4.34,12.2,IM
2.16,134.19,133.65,1.4,5.39,IM
6.43,18.19,11.11,3,6.46,IM
4.3,8.94,8.38,13.77,9.68,IM
7.3,8.86,5.34,10.92,10.95,IM
6.57,6.54,6.18,11.65,12.14,IM
3,1.82,11.25,26.67,9.13,IM
8.7,5.48,2.55,1.57,13.93,IM
10.16,7.07,5.5,0.67,3.26,IM
5.4,2.87,5.64,4.48,13.38,IM
2.1,132.77,132.02,0.12,5.21,IM
7.46,8.8,5.87,11.31,11.52,IM
7.47,6.55,6.21,13.64,12.11,IM
7.19,6.82,5.84,12.59,13.54,IM
5,2.74,5.58,15.84,13.38,IM
4.88,1.87,4.73,18.28,6.93,IM
6.2,15.69,10.45,15.84,13.38,IM
6.86,13.54,10.42,29.87,15.5,IM
7.67,7.39,6.41,13.22,14.9,IM
7,15.67,10.61,30.38,14.82,IM
0.66,212.83,210.96,0.06,3.83,IM
0.79,173,173.42,0.84,4.35,IM
4.32,24.1,22.22,1.64,8.76,IM
4.1,9.11,4.96,11.9,13.19,IM
7.19,6.8,5.81,12.46,13.47,IM
2.8,10.37,7.9,8.22,6.93,IM
1.62,147.14,146,0.14,5.11,IM
7.38,8.75,5.17,8.89,10.56,IM
6,16.76,5.44,6.4,13.38,IM
7.75,5.7,7.45,3.01,1.93,IM
3.7,7.12,20.14,15.51,4.16,IM
7.65,5.73,4.44,7.57,12.63,IM
7.97,5.84,1.29,4.77,9.56,IM
1.49,167.34,166.9,1.53,4.59,IM
6.53,9.03,6.82,14.32,14.04,IM
5,2.89,5.68,14.88,13.38,IM
6.55,8.9,6.66,14.09,13.93,IM
5.4,17.79,5.31,5.6,13.38,IM
4.02,3.43,1.35,20.32,9.78,IM
3.16,5.44,3.49,0.77,3.46,IM
3.25,6.69,4.49,1.67,4.82,IM
7,14.57,10.48,29.73,13.21,IM
3.25,6.53,4.21,1.21,4.59,IM
6.1,7.96,5.75,23.69,11.4,IM
7.4,8.02,6.69,16.32,13.38,IM
7.43,7.1,5.85,12.52,14.09,IM
9,17.19,4.84,9.33,9.13,IM
0.52,272.76,270.74,0.11,2.93,IM
6.04,1.64,0.93,0.36,1.12,IM
6.58,7.91,6.5,15.88,13.58,IM
1.91,152.27,151.22,2.09,4.75,IM
6.36,12.32,9.8,21.73,14.1,IM
6.92,8.29,8.6,27.07,6.46,IM
8.07,6.73,5.66,13.97,13.3,IM
7.56,6.72,5.3,10.28,13.35,IM
8.82,2.37,5.03,2.28,1.63,IM
6.56,8.81,6.55,13.93,13.85,IM
6.55,12.03,9.71,18.23,13.93,IM
9,8.88,5.52,10.22,9.13,IM
0.72,161.14,160.99,0.13,4.09,IM
4.49,7.67,7.03,0.78,11.73,IM
0.75,286.11,284.89,0.05,2.77,IM
3.2,18.09,11.05,7.23,2.78,IM
7.33,8.78,6.3,13.44,14.9,IM
4.05,3.64,13.51,2.73,4.86,IM
8,1.49,1.13,0.51,1.78,IM
6.54,8.97,6.74,14.2,13.98,IM
2.42,132.29,134.87,1.5,4.78,IM
2.04,136.45,139.45,1.46,4.73,IM
7.6,6.36,4.84,9.66,13.22,IM
8.15,5.56,2.19,4.95,12.2,IM
3.24,6.62,4.21,1.13,4.63,IM
1.22,116.91,116.86,2.57,5.32,IM
6.48,12.1,5.85,11.88,11.88,IM
4.95,8.52,6.8,7.91,11.36,IM
8.22,5.41,1.34,4.31,11.82,IM
7.33,8.81,5.29,10.22,10.85,IM
7.54,9.4,6.87,12.83,11.94,IM
8.09,7.13,5.64,14.64,12.92,IM
8.82,3.72,5.05,1.97,1.63,IM
7.67,7.36,6.04,6.22,9.13,IM
6,18.22,9.15,5.33,9.13,IM
7.9,7.33,4.73,8.84,12.49,IM
7.92,7.46,4.87,9.23,12.49,IM
4.2,8.63,8.4,11.75,9.68,IM
8.23,5.68,1.9,4.24,11.73,IM
8.24,5.54,1.49,4.05,11.66,IM
7,7.46,6.13,15.5,11.53,IM
2.07,132.05,136.58,0.85,4.95,IM
2.38,132.38,135.07,1.96,4.78,IM
4.36,6.33,3.1,22.54,7.3,IM
8.19,6.73,5.13,5.81,14.9,IM
7.15,8.88,7.34,16.79,15.08,IM
2.3,132.48,135.37,2.41,4.95,IM
6,5.66,20.45,28,9.13,IM
2.22,12.05,5.65,3.22,1.63,IM
3.51,10.22,6.27,2.52,8.06,IM
6.36,12.35,9.82,21.82,14.04,IM
7,16.1,10.79,29.89,14.9,IM
5.96,20.12,19.73,8.7,12.38,IM
3.59,3.15,2.26,29.91,6.46,IM
8.03,5.43,2.11,2.34,10.59,IM
8.75,5.26,1.96,2.38,13.71,IM
8.26,5.76,2.34,9.1,10.4,IM
7.97,6.1,2.02,5.06,9.59,IM
6.95,8.41,7.49,23.8,12.29,IM
10.7,5.66,3.11,0.99,2.2,IM
1.06,145.46,145.27,0.49,4.25,IM
6.81,13.59,10.2,31.19,13.78,IM
7.76,6.14,4.29,8.35,13.03,IM
7.7,9.48,4.38,8.7,7.3,IM
8.23,5.37,1.08,4.1,11.73,IM
6.17,11.42,9.29,18.67,14.9,IM
6.37,12.39,9.84,21.95,13.93,IM
6.59,8.54,6.19,13.44,13.54,IM
2.54,10.79,5.66,2.05,6.34,IM
7.66,7.09,4.26,1.37,5.54,IM
3.33,7.61,4.81,1.48,5.65,IM
8.15,5.53,2.14,4.87,12.16,IM
6.88,13.65,10.25,30.88,13.39,IM
3.95,7.23,7.71,20.28,9.68,IM
3.32,19.61,4.12,7.99,6.93,IM
7.63,7.36,4.35,1.43,5.77,IM
2.06,14.46,3.75,4.78,1.63,IM
8.24,5.46,1.23,3.95,11.62,IM
6.78,6.97,6.25,12.97,11.93,IM
3.25,6.61,4.36,1.44,4.71,IM
7.49,6.63,6.25,13.71,11.73,IM
6.04,1.64,0.81,0.32,1.08,IM
6.52,9.12,6.92,14.47,14.1,IM
6.56,12.05,9.72,18.19,13.83,IM
6.58,8.61,6.28,13.57,13.63,IM
4.01,2.28,1.3,20.42,9.57,IM
6.54,12.01,9.7,18.26,14.02,IM
7,13.98,10.21,33.2,12.51,IM
5.67,20.95,16.59,18.22,9.13,IM
8.16,5.63,2.31,5.12,12.22,IM
6.63,6.56,6.14,11.46,12.5,IM
4.25,2.26,4,16.28,11.64,IM
8.33,9.65,7.16,17.78,9.13,IM
6.08,18.9,18.53,8.27,12.43,IM
4.4,7.64,8.68,20.32,13.38,IM
7.43,10.02,7.09,12.39,11.33,IM
7.48,7.81,3.38,7.75,15.05,IM
4.13,9.11,4.95,9.77,13.08,IM
7.37,7.59,3.24,12.59,6.46,IM
3.24,6.44,4.06,0.98,4.46,IM
7,12.49,9.26,34.1,10.5,IM
8.16,5.51,2.11,4.6,12.31,IM
5.2,2.26,5.13,12.16,13.38,IM
7.33,7.88,5.35,3.78,14.9,IM
4.25,2.91,4.25,16.42,12,IM
6.39,12.49,9.89,22.31,13.54,IM
6.57,13.87,13.59,19.35,16.18,IM
0.46,286.01,295.7,0.41,2.7,IM
8.5,6.01,3.9,1.71,14.63,IM
3.35,10.91,3.91,0.53,6.47,IM
10.46,4.24,3.23,0.98,2.46,IM
7.41,12.17,8.77,30.91,6.46,IM
3.8,71.94,70.99,1.68,7.2,IM
6.98,8.65,5.73,13.48,11.3,IM
7.46,6.67,6.21,13.59,12.31,IM
4.25,2.17,3.97,16.26,11.58,IM
6,17.8,10.18,0.89,9.13,IM
8.24,5.36,0.99,4.04,11.7,IM
5.12,3.39,3.14,18.13,6.46,IM
5,16.56,8.2,5.76,13.38,IM
7.49,6.64,6.24,13.68,11.93,IM
5.19,13.15,4.84,4.36,12.52,IM
8.07,6.06,5.71,12.23,11.01,IM
4.2,7.14,6.35,17.44,13.38,IM
3.95,8.88,7.6,15.22,8.97,IM
7.36,8.76,5.24,9.52,10.72,IM
7.44,6.79,5.51,12.08,13.98,IM
2.38,131.97,135.13,1.12,4.78,IM
3.54,9.72,6.04,2.34,7.77,IM
8.22,5.84,5.45,11.84,12.02,IM
3.24,6.36,3.91,0.74,4.29,IM
7.91,7.4,4.8,9.05,12.51,IM
4.8,2.21,3.95,15.52,13.38,IM
2.56,10.6,5.62,2.04,6.34,IM
7.6,7.13,3.34,1.76,11.08,IM
8.68,5.58,2.79,1.17,14.02,IM
6.59,12.08,9.75,18.12,13.58,IM
7,14.28,9.96,31.88,13.66,IM
0.33,226.09,219.72,0.08,3.58,IM
7.96,6.05,3.71,7.38,13.04,IM
3.8,11.09,10.95,14.88,13.38,IM
7.34,8.7,5.42,10.56,11,IM
3.61,15.37,9.17,10.39,3.31,IM
6,15.17,9.44,34.11,14.9,IM
6.94,6.22,5.11,8.6,11.75,IM
4.6,10.77,5.42,8.16,10.92,IM
2.58,13.22,8.92,1.44,2.91,IM
8.24,6.73,5.4,12.91,12.47,IM
7.71,7.35,4.36,7.52,14.41,IM
4.05,7.75,7.42,8.65,8.97,IM
0.35,384.09,386.62,0.03,1.91,IM
4.74,2.53,6.32,13.67,13.23,IM
5.72,22.6,22.15,9.52,11.74,IM
7.92,6.01,2.53,2.33,10.62,IM
3.63,3.69,2.21,31.05,6.46,IM
2.06,14.63,7.02,5.48,1.63,IM
11.51,6.43,2.73,0.24,1.93,IM
1.36,130.87,127.94,3.05,5.52,IM
2.17,132.03,135.16,1.07,4.78,IM
7.43,6.55,5.29,10.84,13.33,IM
4.09,51.08,50.59,3.66,7.74,IM
8.34,6.4,4.6,3.86,14.83,IM
7.93,6.68,3.83,8.9,10.66,IM
8.23,5.94,5.51,12.17,12.03,IM
2.36,131.94,135.83,1.19,4.78,IM
5.55,7.42,8.04,15.87,12.51,IM
9.78,2.04,5.01,2.44,1.63,IM
6.4,16.27,10.24,23.52,13.38,IM
7.13,9.03,7.58,16.86,15.16,IM
7.81,6.73,5.46,12.44,12.49,IM
0.67,210.83,210.88,0.69,3.75,IM
8.04,6.81,3.75,8.98,10.82,IM
3.46,10.75,6.49,2.7,8.34,IM
6.52,4.08,3.96,1.23,6.82,IM
3.65,3.62,1.94,29.2,6.46,IM
7.41,6.57,5.34,10.98,13.34,IM
2.94,30.97,18.68,7.57,4.71,IM
5.94,8.55,8.17,17.93,6.46,IM
2.36,132.8,135.74,2.37,4.78,IM
4.1,7.87,7.04,10.4,8.97,IM
4.13,9.92,7.84,10.13,1.93,IM
7.5,8.09,5.51,12,14.9,IM
2.8,33.55,40.74,22.66,6.93,IM
6.39,12.47,9.88,22.24,13.63,IM
7.5,7.38,4.73,3.04,6.5,IM
8,11.79,10,14.44,14.9,IM
2.17,132.18,134.84,1.65,4.78,IM
7.33,16.08,10.87,15.78,14.9,IM
7.72,7.36,3.32,2.55,12.48,IM
3.49,2.38,18.1,4.79,2.91,IM
3.49,5.83,6.85,5.74,2.91,IM
8.08,6.99,5.84,14.27,13.47,IM
0.33,285.79,285.37,0.05,2.82,IM
7.56,6.39,4.92,9.84,13.24,IM
7.47,6.66,6.22,13.62,12.2,IM
6.57,8.75,6.46,13.81,13.78,IM
8.22,5.75,2.08,4.34,11.76,IM
2.36,132.89,135.63,2.23,4.78,IM
3.24,18.27,16.1,25.74,6.71,IM
4.25,2.41,4.05,16.31,11.73,IM
7,0.11,6.56,21.22,13.21,SS
5.5,0.36,2.31,6.5,11.53,SS
5.4,0.34,3.15,4.64,13.38,SS
8.8,0.09,1.03,3.2,13.38,SS
8.47,0.1,3.42,0.16,14.43,SS
8.27,0.11,4.17,1.52,14.7,SS
8,0.12,4.92,3.61,14.87,SS
7.83,0.12,5.28,4.78,14.9,SS
7.46,0.12,5.89,7.05,14.78,SS
7.14,0.13,6.26,8.65,14.53,SS
6.97,0.13,6.4,9.38,14.35,SS
6.72,0.13,6.57,10.28,14.01,SS
6,0.13,6.61,10.56,13.86,SS
8.77,0.1,2.94,0.12,12.01,SS
8.56,0.11,3.86,1.7,12.45,SS
8.36,0.12,4.49,3.27,12.72,SS
8.17,0.12,4.96,4.61,12.88,SS
8,0.12,5.32,5.78,12.98,SS
7.84,0.13,5.6,6.78,13.02,SS
7.73,0.12,5.45,4.5,14.7,SS
8,0.12,5.44,5.02,14.7,SS
7.55,0.12,5.51,7.93,14.7,SS
7.82,0.12,5.4,5.55,14.7,SS
7.64,0.12,5.43,3.9,14.7,SS
8.56,0.09,0.84,0.49,13.15,SS
8,0.11,4.37,4.6,14.53,SS
7.55,0.12,5.51,7.93,14.7,SS
7.17,0.13,6.12,10.14,14.53,SS
6.85,0.13,6.46,11.6,14.23,SS
7.22,0.12,5.92,7.7,13.15,SS
7.4,0.12,5.71,7.92,14.53,SS
7.55,0.12,5.51,7.93,14.7,SS
7.67,0.12,5.33,7.83,14.53,SS
7.77,0.12,5.17,7.67,14.23,SS
7.93,0.09,4.88,7.25,13.48,SS
8,0.11,4.75,7.03,13.09,SS
7.89,0.11,5.9,8.69,13.15,SS
7.7,0.11,5.7,8.32,14.53,SS
7.55,0.12,5.51,7.93,14.7,SS
7.42,0.12,5.34,7.56,14.53,SS
7.31,0.12,5.18,7.2,14.23,SS
7.44,0.12,5.81,10.17,13.15,SS
7.5,0.13,5.66,8.92,14.53,SS
7.55,0.13,5.51,7.93,14.7,SS
7.58,0.12,5.37,7.14,14.53,SS
7.62,0.12,5.23,6.49,14.23,SS
7,0.11,5.87,6.12,13.15,SS
7.3,0.12,5.68,7.28,14.53,SS
7.55,0.12,5.51,7.93,14.7,SS
7.75,0.12,5.35,8.28,14.53,SS
7.92,0.12,5.2,8.43,14.23,SS
8.07,0.12,5.06,8.45,13.87,SS
8.2,0.12,5.93,8.39,13.48,SS
8.4,0.12,3.2,2.72,13.38,SS
8,0.14,3.27,4.16,13.38,SS
8.09,0.14,4.21,0.27,14.43,SS
7.91,0.14,4.66,1.92,14.7,SS
7.66,0.14,5.15,3.97,14.87,SS
7.5,0.14,5.39,5.11,14.9,SS
7.92,0.14,4.96,1.74,14.74,SS
7.68,0.14,5.08,3.31,14.74,SS
7.6,0.15,5.05,4.23,14.74,SS
7.29,0.12,6.13,18.86,16.18,SS
6.6,0.22,8.54,17.24,19.14,SS
8.31,5.01,3.33,4.93,15.02,SS
8,5.38,4.17,7.82,15.3,SS
7.85,5.54,4.5,9.25,15.33,SS
4.36,6.51,3.33,10.7,13.03,SS
7.69,5.68,4.8,10.69,15.3,SS
7.08,6.14,5.74,16.39,14.22,SS
6.96,6.23,5.99,19.84,14.59,SS
6.86,6.29,6.19,22.76,14.78,SS
8.6,6.59,3.66,5.6,13.38,SS
8.83,7.13,4.2,6.11,12.98,SS
7.61,4.03,4.54,6.9,14.34,SS
8.27,10.93,3.97,1.52,14.7,SS
8.12,11.88,4.76,4.15,15.45,SS
7.98,12.62,5.34,6.42,15.76,SS
7.13,15.36,7.2,16.6,15.6,SS
8.16,11.27,3.99,2.5,15.45,SS
7.77,12.08,4.03,5.25,16,SS
7.09,15.9,5.59,11.44,14.7,SS
7.16,12.19,5.66,13.32,13.92,SS
8.25,9.67,1.18,3.75,11.53,SS
8.09,12.73,2.89,4.15,12.83,SS
7.95,11.74,4.4,8.89,12.83,SS
8.8,9.22,1.27,3.2,13.38,SS
8.36,12.24,4.82,3.7,14.7,SS
8.7,5.25,2.16,2.19,13.89,SS
8.19,5.44,1.66,4.4,11.93,SS
8.5,7.97,3.57,4,11.53,SS
7.55,7.95,4.81,8.75,14.69,SS
4.74,21.46,6.68,1.97,12,SS
4.52,4.64,1.39,1.66,6.42,SS
8.35,5.48,2.58,4.79,12.26,SS
4.51,2.81,1.28,1.9,6.07,SS
5.67,11.56,9.37,31.33,14.9,SS
4.8,17.79,4.86,1.44,13.38,SS
7.96,8.92,5.09,6.12,13.71,SS
7.82,6.64,5.28,4.9,15.08,SS
6.52,4,3.96,1.44,6.79,SS
6.14,11.61,9.42,31.43,16.18,SS
8.78,5.14,1.57,2.79,13.58,SS
9.5,1.64,1.23,5,11.54,SS
8.71,5.56,1.66,4.38,11.79,SS
7.98,7.84,3.37,4.38,13.54,SS
10.32,2.63,2.52,2.43,6.98,SS
8.22,5.46,1.64,4.2,12.14,SS
4.4,7.37,4.99,2.64,10.92,SS
5,15.54,4.08,2.88,11.62,SS
4.36,9.39,5.16,2.23,9.79,SS
7.19,8.72,7.18,17.48,13.58,SS
8.35,5.64,1.49,9.96,9.91,SS
6.75,7.14,6.27,13.19,11.73,SS
8.46,5.28,1.69,5.83,11.82,SS
6.53,4,3.94,1.56,6.71,SS
7.99,8.26,3.84,2.71,9.87,SS
4.49,10.06,9.72,3.9,6.69,SS
4.47,6.53,4.69,2.36,11.47,SS
7.19,6.83,5.85,12.53,13.69,SS
4.25,2.1,3.95,16.25,11.53,SS
8.47,5.25,1.51,5.98,11.73,SS
7.5,8.29,7,16.89,14.9,SS
4.83,15.81,6.26,2.11,14.9,SS
7.33,8.04,6.76,16.92,13.83,SS
7.95,7.85,3.5,4.69,13.7,SS
7.18,6.83,5.85,12.66,13.58,SS
7.76,8.12,3.72,3.82,12.29,SS
8.76,5.13,1.48,2.78,13.74,SS
8.24,5.37,1,3.99,11.66,SS
4.25,8.99,4.87,2.5,11.53,SS
4.49,9.14,5.71,3.92,6.52,SS
4.75,14.05,5.95,14,11.53,SS
4.4,8.14,4.99,2.34,13.51,SS
4.98,14.31,4.06,3.53,11.94,SS
4.76,18.25,6.16,2.56,12.3,SS
7,8.46,6.04,12.74,18.27,SS
5.71,16.33,4.32,9.96,16.18,SS
8.4,5.38,2.18,5.3,12.07,SS
5.5,17.67,4.65,4.89,14.9,SS
7.66,8.79,3.81,5.83,9.79,SS
5,18.55,3.74,3.68,13.38,SS
4,9.08,4.97,19.36,13.38,SS
6.5,6.12,3.57,2.25,11.53,SS
4.28,10.7,5,2.13,12,SS
8.25,6.83,5.85,8,11.53,SS
7.21,6.78,5.78,12.19,13.49,SS
4.75,18.52,5.99,2.5,11.53,SS
7.19,6.78,5.8,12.54,13.47,SS
4.35,7.8,5.4,2.24,9.98,SS
4.49,10.04,9.69,3.8,7.02,SS
7.03,7.44,6.11,15.16,11.93,SS
8.25,5.77,2.38,9.05,10.42,SS
8.33,5.66,1.68,9.81,10.02,SS
8.67,5.31,2.37,1.92,13.98,SS
4.75,18.39,6.08,2.53,12,SS
6.75,7.04,6.27,13.23,11.62,SS
4.8,16.63,6.85,2.72,13.38,SS
7.96,7.85,3.45,4.58,13.65,SS
8.6,9.22,4.05,5.6,13.38,SS
6.52,4.01,3.97,1.49,6.82,SS
6.82,6.97,6.22,12.92,12.31,SS
8.35,6.56,2.55,4.01,10.4,SS
4.35,6.79,4.65,2.26,10.72,SS
9.02,9.43,4.03,2.66,10.33,SS
9,7.43,3.19,1.76,13.38,SS
7.06,5.12,1.32,1.59,7.17,SS
4.51,3.66,1.33,1.8,6.22,SS
7.2,6.81,5.79,12.31,13.43,SS
8.85,4.12,1.82,1.31,5.87,SS
6.54,6.49,6.19,11.28,11.93,SS
8.7,5.27,1.59,2.3,14.08,SS
7.63,11.88,8.68,8.44,10.86,SS
7.29,8.09,6.79,13.8,16.18,SS
5.84,16.03,24.25,45.79,7.81,SS
6.59,6.53,6.16,11.39,12.31,SS
7.96,7.85,3.47,4.61,13.66,SS
7.2,6.83,5.84,12.4,13.77,SS
7.21,4.5,12.37,15.49,5.53,SS
7.99,7.84,3.28,4.29,13.58,SS
3.06,1.42,0.88,3.97,1.81,SS
7.48,19.32,17.92,11.9,12.14,SS
4.52,4.92,1.41,1.62,6.48,SS
4.34,7.77,5.08,2.62,9.28,SS
9,7.43,3.23,1.76,13.4,SS
4.35,9.3,4.39,2.49,9.57,SS
8.74,5.15,1.76,2.64,13.71,SS
6.83,15.76,10.94,24.78,14.9,SS
8.12,5.56,2.34,5.08,12.21,SS
7.9,7.87,3.71,5.27,13.93,SS
7.5,7.96,4.93,9.2,14.75,SS
7.4,6.67,5.59,2.56,13.38,SS
6.12,8.41,8.34,38.06,15.89,SS
4.58,11.49,5.05,1.26,12.6,SS
8.22,5.39,1.33,4.05,11.92,SS
8.29,5.99,1.48,3.99,12.11,SS
4.17,8.28,4.9,14.78,14.9,SS
4.33,7.77,5.04,2.67,9.13,SS
8.35,5.65,1.56,9.91,9.95,SS
4.99,14.34,4.07,3.22,11.81,SS
4.73,3.23,3.92,1.07,11.88,SS
4.8,13.2,5.49,13.6,13.38,SS
8.19,6.13,5.61,5.27,13.58,SS
8.04,2.65,1.3,0.75,3.24,SS
7.97,7.85,3.44,4.54,13.63,SS
4.5,8.04,7.02,0.96,10.92,SS
4.75,18.49,6.01,2.51,11.66,SS
8.76,5.14,1.63,2.75,13.67,SS
7.16,8.67,7.16,16.86,14.1,SS
7.8,7.9,4.08,6.32,14.24,SS
8.76,5.11,1.47,2.85,13.67,SS
8.7,5.57,1.72,4.33,11.82,SS
4.34,8.13,5.09,2.54,9.42,SS
5.84,15.94,24.25,45.59,7.66,SS
7.05,5.08,1.45,1.67,7.22,SS
7.61,6.96,5.63,4.03,13.58,SS
8.45,8.78,3.42,1.41,12.29,SS
4.75,18.56,6,2.48,11.73,SS
7.95,6.33,2.42,6.26,13.38,SS
4.8,17.24,6.85,2.88,13.38,SS
6.67,8.13,7.23,21.56,14.9,SS
8.33,5.93,3.99,5.13,13.91,SS
7.19,6.78,5.81,12.76,13.54,SS
8.68,5.83,1.95,4.15,12.29,SS
5.2,8.6,3.67,14.24,13.38,SS
8.31,6.06,1.07,4.82,10.5,SS
4.76,18.34,6.11,2.54,12.11,SS
7.5,8.18,5.4,5.11,14.9,SS
8.32,5.68,1.79,9.71,10.08,SS
8.43,5.33,1.95,5.56,11.95,SS
8.36,5.63,1.43,10.01,9.87,SS
4.4,8.13,4.99,2.72,13.38,SS
8.34,5.49,2.65,4.69,12.3,SS
4.75,19.12,5.37,1.99,11.73,SS
4.8,25.24,6.87,5.6,13.38,SS
8.24,5.79,2.49,8.91,10.48,SS
8.24,5.43,1.48,3.96,12.13,SS
5,14.37,4.08,2.75,11.53,SS
7.41,8.54,5.63,9.06,17.76,SS
8.99,6.4,1.26,3.97,9.57,SS
8.38,8.02,3.28,2.55,13.51,SS
5,14.61,7.48,4.41,16.18,SS
4.5,21.81,6.39,3.45,11.73,SS
4.75,18.45,6.03,2.51,11.81,SS
4.6,19.52,6.1,1.6,13.38,SS
6.27,8.29,5.04,20.74,12.14,SS
10.6,10.91,4.38,6.56,13.38,SS
8.17,5.47,1.84,4.55,12,SS
5,21.85,6.06,5.28,13.38,SS
4.35,7.79,5.28,2.38,9.77,SS
4.8,19.72,6.3,1.12,13.38,SS
5.56,14.92,24.4,42.43,7.29,SS
8.68,5.28,2.25,2.09,13.93,SS
7.5,7.81,3.3,7.56,14.9,SS
7.77,8.12,3.58,3.8,11.73,SS
8.04,7.11,1.2,5.89,7.85,SS
4.99,15.51,4.08,3.13,11.76,SS
8.2,5.44,1.57,4.34,11.92,SS
4.5,2.26,1.25,1.95,5.98,SS
7.83,6.67,5.29,4.76,14.99,SS
9.25,7.38,4.39,2,11.53,SS
8.08,7.69,3.18,4.11,13.29,SS
9.77,3.69,1.89,1.9,3.03,SS
8.02,8.71,4.8,5.79,13.69,SS
7.92,8.76,3.53,4.11,14.24,SS
7.31,8.05,6.79,17.12,13.93,SS
7.98,7.84,3.4,4.44,13.58,SS
8.27,5.75,2.26,9.2,10.35,SS
6.8,7,6.26,13.48,12.5,SS
7.5,5.67,4.43,7.14,11.89,SS
6.34,5.22,2.71,4.31,9.49,SS
8,7.84,3.29,4.18,13.4,SS
8,7.84,3.3,4.21,13.42,SS
7.49,6.52,6.24,13.72,11.73,SS
7.98,7.84,3.39,4.44,13.57,SS
4.45,6.75,4.78,2.44,11.44,SS
8.32,8.72,3.92,4.16,9.88,SS
7.2,6.79,5.78,12.36,13.47,SS
4.4,8.47,5.01,2.66,13.49,SS
8.51,1.79,0.73,1.26,6.8,SS
4.22,2.1,3.92,16.99,11.52,SS
6.5,6.46,6.22,11.5,11.53,SS
2.36,19.53,5.58,12.6,9.86,SS
6.33,5.31,2.71,4.46,9.25,SS
7.68,7.94,4.55,7.86,14.58,SS
4.4,3.07,3.57,13.44,13.38,SS
4.67,22.09,5.72,2.11,14.9,SS
7.5,6.5,6.25,13.75,11.53,SS
8.73,5.53,1.47,4.54,11.7,SS
6.8,7.94,5.84,12.48,13.38,SS
10,8.94,4.45,3.5,11.53,SS
8.23,5.36,1.03,3.99,11.72,SS
4.16,9.09,4.94,6.37,12.83,SS
7.43,9.61,6.53,8.36,11.58,SS
6.75,6.97,6.27,13.25,11.53,SS
4.5,6.72,4.84,2.5,11.53,SS
4.39,8.15,4.99,1.79,13.65,SS
8.5,7.6,3.01,1.44,14.9,SS
4.51,3.26,1.3,1.85,6.15,SS
6.6,8.32,6.28,15.44,17.99,SS
4.41,8.79,5.03,2.59,13.58,SS
7.76,7.74,3.27,3.72,13.23,SS
7.99,7.84,3.28,4.22,13.49,SS
8.78,5.06,1.31,3.03,13.51,SS
7.33,8.61,3.11,15.17,14.9,SS
5.47,1.97,6.75,6.88,6.69,SS
5.43,17.17,3.35,11.18,16.18,SS
8.34,5.65,1.62,9.86,9.98,SS
7.62,7.76,8.47,7.61,2.91,SS
8.74,5.23,1.93,2.42,13.8,SS
7.02,7.46,6.12,15.24,11.73,SS
4.23,9.01,4.89,0.82,11.94,SS
4.6,19.87,6.09,1.92,13.38,SS
8.34,5.9,1.65,9.84,10.4,SS
8.35,6.44,1.83,4.76,11.76,SS
4.75,18.47,6.02,2.51,11.73,SS
7.97,7.85,3.42,4.51,13.61,SS
6.77,7.01,6.29,13.52,12.2,SS
8.73,5.27,2.07,2.26,13.86,SS
4.4,6.77,4.72,2.36,11.18,SS
8.23,5.36,1,3.97,11.7,SS
4.37,7.81,5.61,1.96,10.33,SS
5,14.36,4.07,2.91,11.64,SS
4,7.89,5.87,9,11.53,SS
7.18,6.8,5.77,12.49,13.66,SS
7.18,8.7,7.17,17.23,13.83,SS
6.51,4,3.99,1.25,6.9,SS
4.75,18.45,6.04,2.52,11.82,SS
6.05,1.63,0.57,0.26,1,SS
4.49,10.05,9.71,3.87,6.83,SS
7.43,7.05,4.96,7.76,16.18,SS
7.2,6.78,5.79,12.32,13.38,SS
8.9,4.14,3.89,0.68,12.8,SS
6.98,9.53,6.95,22.56,12.11,SS
7.41,6.67,5.58,2.64,13.58,SS
4.5,2.04,1.72,1.07,6.56,SS
7,9.59,6.92,23.25,11.53,SS
7.99,8.07,3.71,4.56,13.47,SS
8.3,5.71,1.99,9.5,10.2,SS
7.18,6.8,5.76,12.53,13.71,SS
5.13,13.83,8.46,1,11.53,SS
6.8,8.55,7.48,26.4,13.38,SS
7.6,6.97,5.64,4,13.38,SS
7.97,7.79,3.27,3.99,13.34,SS
7.49,6.52,6.24,13.71,11.79,SS
4.24,9,4.88,1.82,11.73,SS
4.75,18.37,7.65,4,11.53,SS
8.2,5.4,1.43,4.23,11.84,SS
4.4,8.53,5.01,2.64,13.51,SS
10.5,11.14,5.57,2.22,14.9,SS
4.4,6.11,4.37,2.08,11.08,SS
4.73,16.05,5.36,0.87,13.31,SS
8.45,6.52,1.81,4.84,11.76,SS
7.6,7.62,3.86,0.92,9.71,SS
8,7.84,3.29,4.17,13.39,SS
4.34,8.36,5.11,2.49,9.49,SS
8.31,6.11,1.07,4.89,10.2,SS
7.84,6.56,5.54,12.48,12.43,SS
8.31,6.08,1.07,4.84,10.41,SS
8.71,5.21,2.02,2.36,13.83,SS
10.74,3.15,1.02,2.4,3.24,SS
7.5,6.51,6.25,13.73,11.66,SS
7.17,8.63,6.9,16.67,14.9,SS
4.25,7.34,4.85,1.75,11.53,SS
4.3,6.81,4.58,2.14,10,SS
5,14.31,3.78,2.56,13.38,SS
4.34,8.39,5.07,2.53,9.57,SS
8.66,5.34,2.45,1.81,14.02,SS
4.41,9.15,5.05,2.52,13.66,SS
4.37,5.88,4.2,1.93,10.74,SS
9.76,3.84,2.21,2.05,3.09,SS
7.59,10.76,7.37,5.95,10.62,SS
6.04,1.63,0.66,0.28,1.03,SS
8.75,5.18,1.79,2.59,13.74,SS
4.19,9.07,4.92,3.97,12.6,SS
8.72,5.23,1.56,2.43,14,SS
4.6,13.35,3.8,12.8,13.38,SS
7.83,6.63,5.29,4.83,14.99,SS
7.19,6.79,5.78,12.42,13.58,SS
8,7.84,3.29,4.18,13.4,SS
6.49,12.06,5.82,11.8,11.7,SS
4.35,8.58,5.12,2.44,9.56,SS
8.7,5.29,1.6,2.23,14.12,SS
8.32,5.68,1.84,9.66,10.11,SS
6.78,7.01,6.28,13.51,12.31,SS
8.75,5.13,1.65,2.75,13.66,SS
6.84,6.96,6.19,12.89,12.5,SS
5.13,19.06,7.09,5.25,17.29,SS
5.84,15.97,24.25,45.65,7.71,SS
8.64,5.37,2.57,1.65,14.07,SS
8.72,5.54,1.54,4.48,11.73,SS
4.49,9.12,5.74,3.24,7,SS
7.99,7.84,3.28,4.24,13.51,SS
8.22,5.37,1.19,4.07,11.76,SS
8.2,8.52,3.59,4.64,13.38,SS
8.37,8.02,3.32,2.44,13.58,SS
4.97,2.54,1.63,0.42,1.83,SS
7.52,7.55,10.2,10.73,3.48,SS
4.96,2.58,1.65,0.43,1.85,SS
8.36,5.45,2.47,4.94,12.21,SS
7.22,6.78,5.77,12.06,13.58,SS
8.19,5.43,1.63,4.38,11.92,SS
4.26,2.12,4.02,16.22,11.73,SS
6.67,9.28,5.69,21.49,10,SS
6.67,6.62,6.62,27.33,14.9,SS
5.2,13.07,5.62,4.32,13.38,SS
7.2,6.79,5.8,12.37,13.43,SS
4.33,8.76,4.29,2.67,9.13,SS
4.24,7.25,5.29,4.36,11.3,SS
8.21,5.39,1.33,4.16,11.81,SS
8.24,5.36,1.11,3.81,11.93,SS
8.3,8.72,3.92,4.33,9.83,SS
4.5,21.84,6.44,3.54,11.62,SS
4.75,18.41,6.06,2.52,11.94,SS
8.23,5.43,1.47,4.07,12.05,SS
6.98,9.04,7.18,19.96,13.3,SS
7.18,6.78,5.83,12.98,13.61,SS
6.34,5.2,2.7,4.34,9.41,SS
5.84,15.96,24.25,45.62,7.69,SS
7.75,7.44,7,9.43,12.03,SS
7.98,7.84,3.37,4.37,13.54,SS
7.5,6.74,10.61,10.86,3.51,SS
5,15.55,4.09,2.75,11.53,SS
4.8,17.32,5.46,1.76,13.38,SS
8.72,5.19,1.92,2.47,13.78,SS
5.17,18.58,3.58,4.22,14.9,SS
8.15,5.52,2.1,4.82,12.11,SS
8.37,5.43,2.39,5.04,12.17,SS
6.33,5.45,2.75,4.47,9.34,SS
8,7.77,6.13,8.44,14.9,SS
4.97,14.3,4.06,3.69,12,SS
4.34,9.35,7.37,1.61,10.4,SS
8.13,5.66,2.2,4.84,12.31,SS
8.5,6.46,2.19,4.29,11.58,SS
7.67,6.46,5.28,11.29,12.32,SS
8.31,8.72,3.92,4.25,9.86,SS
8.33,8.75,3.95,4.44,9.13,SS
7,16.85,15.9,38.2,16.18,SS
7.1,6.87,5.97,12.89,13.37,SS
8,8.39,4.28,5.17,13.59,SS
7.6,7.94,4.68,8.29,14.63,SS
6.33,5.59,2.79,4.48,9.42,SS
8.15,5.59,2.24,5.02,12.22,SS
8.2,5.42,1.52,4.29,11.88,SS
8.42,5.35,2.05,5.46,12,SS
4.49,9.14,5.71,3.93,6.55,SS
8.18,5.44,1.68,4.42,11.94,SS
8.09,6.91,2.39,4.15,12.83,SS
4.5,8.6,5.36,3.5,11.53,SS
7.94,7.86,3.56,4.86,13.77,SS
8.26,8.06,3.74,3.58,10.79,SS
6.95,4.1,10.6,24.07,7.19,SS
7.97,7.84,3.41,4.47,13.59,SS
4.86,22.64,6.02,3.59,16.18,SS
8.66,8.58,3.54,7.45,9.57,SS
7.77,8.1,3.57,4.03,11.98,SS
8,7.84,3.3,4.22,13.43,SS
4.01,2.54,1.52,0.14,1.43,SS
8.03,6.59,5.96,4.88,12.3,SS
7.8,7.23,5.52,6.56,13.38,SS
8.29,8.71,3.93,4.43,9.77,SS
8.77,5.09,1.45,2.92,13.58,SS
7.45,7.97,5.04,9.64,14.79,SS
8.63,5.39,2.64,1.54,14.1,SS
8.09,5.61,2.55,5.33,12.3,SS
7.2,8.73,7.18,17.6,13.38,SS
8.26,5.4,1.29,3.72,12.08,SS
4.75,18.43,6.05,2.52,11.88,SS
8.2,5.49,1.8,4.44,12.13,SS
8.73,5.21,1.54,2.5,13.96,SS
6.58,6.52,6.17,11.35,12.2,SS
4.71,16.71,6.69,1.47,16.18,SS
7.93,7.73,3.27,3.77,13.17,SS
7.49,8.55,5.52,8.19,17.35,SS
8.2,7.73,3.16,4.16,13.38,SS
4.74,18.63,6.01,2.43,12,SS
9.83,7.58,3.88,2.56,14.9,SS
7.29,6.39,6.13,18.86,16.18,SS
7.49,8.55,5.53,8.24,17.39,SS
8.74,5.51,1.33,4.64,11.62,SS
4.36,7.8,5.51,2.1,10.16,SS
8.23,5.35,0.97,3.96,11.69,SS
8.48,5.23,1.37,6.09,11.66,SS
6.34,5.18,2.69,4.38,9.31,SS
7.5,8.11,4.07,0.96,9.92,SS
4.75,18.5,6,2.5,11.64,SS
4.24,9.01,4.88,1.49,11.81,SS
7.99,7.84,3.33,4.27,13.47,SS
8.99,1.9,0.83,1.5,9.26,SS
4.74,19.16,5.43,1.97,12,SS
7,8.04,6.35,13.94,17.29,SS
8.29,5.73,2.13,9.35,10.27,SS
8,7.85,3.3,4.18,13.39,SS
4.36,9.19,5.15,2.28,9.73,SS
8.39,5.4,2.27,5.2,12.11,SS
9.87,9.06,4.33,2.99,11.47,SS
4.49,10.05,9.7,3.83,6.93,SS
5.84,16.02,24.25,45.75,7.78,SS
8.22,5.37,1.1,4.02,11.73,SS
8,7.84,3.28,4.16,13.38,SS
7.8,7.21,5.52,6.5,13.58,SS
4.99,15.52,4.08,3.07,11.73,SS
4.21,9.04,4.9,1.46,12.3,SS
4.51,21.7,6.38,3.34,12,SS
4.51,1.7,1.34,1.05,6.56,SS
7.06,5.07,1.28,1.59,7.11,SS
6.51,6.15,3.56,2.17,11.62,SS
8.32,8.74,3.94,4.44,9.4,SS
4.49,6.79,4.85,2.05,11.93,SS
4.43,6.33,4.53,2.22,11.32,SS
4.34,7.89,5.08,2.6,9.33,SS
8.2,6.1,5.62,5.28,13.38,SS
4.41,9.09,5.04,2.53,13.65,SS
4.75,21.56,6.71,1.99,11.73,SS
9.64,2.4,1.43,6.53,9.57,SS
6.85,6.96,6.18,12.88,12.59,SS
7.5,5.74,6.59,20.44,14.9,SS
7.5,6.53,6.21,13.42,12.2,SS
7.98,7.84,3.38,4.4,13.55,SS
4.6,14.25,3.8,12.96,13.38,SS
7.96,7.85,3.48,4.65,13.68,SS
8.4,8.01,3.21,2.72,13.38,SS
7,8.46,6.04,12.74,18.27,SS
5,15.79,2.93,3.55,9.28,SS
4.39,8.14,4.99,2.1,13.58,SS
6.89,10.37,6.09,11.21,18.27,SS
4.5,9.14,5.72,3.93,6.56,SS
6.5,3.99,4.03,1.01,7.03,SS
6.94,6.99,6.22,13.73,13.32,SS
8.71,5.25,1.57,2.36,14.04,SS
7.52,6.5,6.24,13.5,11.73,SS
4.5,9.13,5.72,3.94,6.57,SS
4.99,14.35,4.07,3.07,11.73,SS
8.09,12.19,4.97,10.74,12.86,SS
8.05,12.94,5.06,10.64,13.37,SS
8.14,6.36,2.29,2.02,15.08,SSIM
7.89,8.32,5.09,10.67,13.15,SSIM
7.95,8.81,4.69,9.3,13.01,SSIM
7.86,8.53,5.26,11.19,13.2,SSIM
7.92,9.16,4.92,9.9,13.09,SSIM
7.6,10.07,6.45,16.96,13.97,SSIM
7.2,7.71,5.83,12.08,14.53,SSIM
7,7.35,5.37,10.83,14.53,SSIM
7.15,6.73,5.51,11.95,14.22,SSIM
7.13,7.03,5.54,11.78,14.43,SSIM
7.11,7.29,5.57,11.6,14.59,SSIM
7.75,10.14,6.29,15.61,13.21,SSIM
7.18,6.41,5.64,13.53,11.32,SSIM
7.96,8.78,4.67,9.24,13,SSIM
7.02,16.5,5.71,12.32,14.61,SSIM
7.09,15.9,5.89,11.44,14.7,SSIM
7.17,15.23,5.43,10.5,14.53,SSIM
7.23,14.64,5.29,9.7,14.23,SSIM
6.13,17.54,5.63,9.69,12.97,SSIM
6.44,16.83,5.62,10.27,13.15,SSIM
6.7,16.19,5.55,10.44,12.95,SSIM
6.91,15.6,5.47,10.38,12.6,SSIM
7.33,15.67,6.1,12.74,13.15,SSIM
7.2,15.89,5.83,12.08,14.53,SSIM
7.09,15.9,5.59,11.44,14.7,SSIM
7,15.8,5.37,10.83,14.53,SSIM
6.92,15.63,5.18,10.27,14.23,SSIM
7.85,13.23,5.78,8.4,15.92,SSIM
7.73,13.73,6.13,10.11,16,SSIM
7.62,14.14,6.4,11.6,16,SSIM
7.51,14.48,6.63,12.89,15.97,SSIM
7.41,14.76,6.82,14.02,15.91,SSIM
7.31,15,6.97,15.01,15.82,SSIM
7.22,15.2,7.09,15.86,15.72,SSIM
8.05,11.54,4.01,3.34,15.76,SSIM
7.95,11.76,4.02,4.07,15.92,SSIM
7.86,11.94,4.03,4.71,16,SSIM
7.18,13.06,5.48,12.13,13.92,SSIM
7.15,13.92,5.51,11.95,14.22,SSIM
7.13,14.66,5.54,11.78,14.43,SSIM
7.11,15.32,5.57,11.61,14.59,SSIM
7.77,13.34,5.08,4.47,15.6,SSIM
7.72,14.48,5.15,4.2,15.91,SSIM
7.67,15.4,5.21,3.95,16.08,SSIM
7.62,16.15,5.26,3.72,16.16,SSIM
7.57,16.78,5.29,3.51,16.18,SSIM
8,14.05,3.45,4.35,13.15,SSIM
7.92,15.19,5.33,10.25,14.17,SSIM
7.83,16.34,5.47,9.96,14.39,SSIM
6.44,16.38,5.62,10.27,13.15,SSIM
6.8,16.36,5.62,11.08,14.53,SSIM
7.09,15.9,5.59,11.44,14.7,SSIM
7.33,15.46,5.52,11.53,14.53,SSIM
7.54,15.4,5.48,11.46,14.23,SSIM
5.76,12.56,7.36,22.99,14.07,SSIM
6.16,13.61,8.65,34.11,16.06,SSIM
6.15,13.4,8.25,32.02,14.69,SSIM
8.71,5.36,2.31,1.93,13.96,SSIM
8.21,5.4,1.37,4.18,11.82,SSIM
9.49,1.64,1.48,5,11.58,SSIM
5.94,21.77,7.79,3.98,13.34,SSIM
7.52,6.4,5.5,11.1,13.01,SSIM
5.24,14.13,5.91,5.76,11.73,SSIM
8.49,2.02,1.4,1.84,7.02,SSIM
9.47,1.66,2.36,5.02,11.73,SSIM
8.28,6.2,1.6,5.5,10.2,SSIM
7.01,7.55,6.11,15.19,12.2,SSIM
6.5,6.66,6.21,11.44,11.73,SSIM
7.97,7.84,3.29,4.41,13.71,SSIM
7.62,10.31,8.17,14.35,12.27,SSIM
6.58,6.53,6.17,11.67,12.15,SSIM
7.38,8.6,5.38,9.8,10.87,SSIM
5.5,18.79,4.97,4.26,11.62,SSIM
7.8,8.15,3.46,8.96,13.38,SSIM
6.5,12.04,5.79,11.75,11.53,SSIM
7.69,5.66,2,3.25,10,SSIM
7.3,8.8,5.45,11.33,11.1,SSIM
5.2,5.72,1.12,2.46,2.4,SSIM
8,7.7,6.16,8.44,9.13,SSIM
7.6,9.03,3.78,8.96,13.38,SSIM
7.99,6.18,2.5,10.46,11.76,SSIM
4.4,9.51,7.23,1.16,13.58,SSIM
7.03,5.04,1.39,1.67,6.85,SSIM
8.29,6.26,1.59,5.59,9.57,SSIM
4.34,8.58,5.32,1.14,9.78,SSIM
7.19,6.92,5.79,12.27,13.58,SSIM
8.21,5.39,1.41,4.38,12.01,SSIM
7.47,8.55,5.55,8.44,17.51,SSIM
7.04,7.41,6.1,15,12.2,SSIM
8.75,5.15,1.5,2.71,13.8,SSIM
7.02,7.53,6.1,15.11,12.31,SSIM
6.57,6.71,6.17,11.6,12.31,SSIM
8.8,9.26,8.07,0.48,10.92,SSIM
7.98,7.78,6.16,8.67,15.08,SSIM
8.23,5.67,2.14,4.4,11.75,SSIM
0.37,286.55,284.87,0.01,2.56,SSIM
6.6,10.7,5.96,10.72,13.38,SSIM
6.11,7.31,7.74,11.95,10.15,SSIM
6.74,7.23,6.27,13.15,11.82,SSIM
7.05,7.29,6.13,19.46,12.57,SSIM
9.5,1.64,1.33,5,11.56,SSIM
7.82,6.77,5.29,4.72,15.11,SSIM
4.8,14.13,5.51,13.83,13.41,SSIM
4.34,9.21,5.72,1.16,9.71,SSIM
4.28,2.14,4.16,16.15,12,SSIM
7.99,7.84,3.34,4.3,13.49,SSIM
4.34,9.47,4.67,1.15,9.78,SSIM
5.79,5.8,6.72,10.33,10.12,SSIM
8.01,6.66,6.01,4.77,11.73,SSIM
7.2,6.91,5.92,12.48,13.43,SSIM
4.34,8.65,5.41,0.59,9.85,SSIM
7.51,6.51,6.23,13.48,11.93,SSIM
7.5,12.1,10.01,23.89,14.9,SSIM
4.68,3.21,6.86,10.79,7.16,SSIM
4.76,8.56,8.75,5,11.93,SSIM
7.9,6.36,5.56,17.52,11.64,SSIM
7.19,7.17,6.18,12.79,13.51,SSIM
6.67,8.7,6.36,12.89,14.9,SSIM
6.52,6.67,6.2,11.48,11.93,SSIM
4.4,13.08,5.62,9.28,13.38,SSIM
4.8,14.14,5.5,13.76,13.38,SSIM
7.49,6.54,6.2,13.39,12.31,SSIM
8.73,5.19,1.53,2.57,13.91,SSIM
7.15,6.94,5.98,13.34,13.83,SSIM
7.6,6.95,5.7,14.88,13.38,SSIM
6.76,7.13,6.26,13.17,11.93,SSIM
7.19,7.04,6.05,12.63,13.47,SSIM
5.79,5.82,6.72,10.38,10.04,SSIM
8.14,5.52,2.14,4.86,12.13,SSIM
5.22,7.61,1.24,2.46,3.08,SSIM
8.29,14.81,6.43,4.24,16.18,SSIM
7.18,6.82,5.85,12.73,13.66,SSIM
7.06,9.99,3.87,7.49,12.11,SSIM
8.04,8.39,3.44,4.62,13.89,SSIM
5.79,5.81,6.72,10.37,10.08,SSIM
7.18,8.69,7.17,17.11,13.93,SSIM
8.02,6.63,5.99,4.82,12,SSIM
5.5,18.8,4.96,4.25,11.53,SSIM
7.2,15.01,16.37,9.28,13.38,SSIM
4.34,9.4,4.56,1.68,9.71,SSIM
7.99,7.84,3.31,4.24,13.45,SSIM
8,10.44,4.23,4,13.38,SSIM
7.98,7.84,3.28,4.36,13.66,SSIM
6.49,12.07,5.82,11.82,11.73,SSIM
8.69,5.45,2.53,1.61,14.04,SSIM
6.57,6.53,6.18,11.66,12.13,SSIM
7.16,8.19,6.29,14.36,15.53,SSIM
8.33,15.8,6.53,6.44,14.9,SSIM
7,8.32,7.02,13.67,14.9,SSIM
4.75,8.12,8.78,5,11.53,SSIM
5.46,1.97,6.75,7.1,6.93,SSIM
4.6,9.76,8.63,4,13.38,SSIM
9.85,3.02,1.94,1.42,1.95,SSIM
8.19,5.44,1.65,4.4,11.93,SSIM
5.19,13.05,5.61,4.59,13.58,SSIM
8.04,8.44,3.45,4.67,13.93,SSIM
4.6,2.47,5.9,14.56,13.38,SSIM
7.8,12.59,10.62,14.4,13.38,SSIM
7.16,8.43,6.79,25.83,12.37,SSIM
8.7,9.46,4.52,5.04,10.92,SSIM
8.94,2.35,1.63,2.14,9.56,SSIM
4.6,12.84,8.68,34.08,13.38,SSIM
7.05,10.01,3.87,7.44,12.02,SSIM
8.68,5.54,2.73,1.29,14.12,SSIM
7.71,5.33,1.13,2.81,10.2,SSIM
6,12.85,6.53,13.44,13.38,SSIM
5.79,5.81,6.72,10.35,10.1,SSIM
4.4,22.14,5.89,6.08,13.38,SSIM
7.17,6.78,5.84,13.2,13.66,SSIM
5,15.54,11.66,22.88,13.38,SSIM
8.24,5.37,1.03,4.07,11.71,SSIM
7.31,6.67,5.05,9.59,11.5,SSIM
7.69,5.35,1.31,3.23,10.06,SSIM
7.98,6.23,2.52,10.44,11.82,SSIM
8.33,11.16,4.3,7.67,14.9,SSIM
4.5,8.7,6.6,0.98,11.73,SSIM
9.45,1.43,1.02,0.63,6.2,SSIM
8.62,5.71,2.38,3.6,12.15,SSIM
4.34,8.43,5.12,2.25,9.62,SSIM
7.18,6.82,5.84,12.71,13.65,SSIM
8.23,5.41,1.26,4.15,11.73,SSIM
7.67,6.56,5.44,11.82,13.01,SSIM
7.38,8.03,6.72,16.52,13.58,SSIM
7.19,6.79,5.81,12.45,13.49,SSIM
4.5,6.73,4.84,2.21,11.64,SSIM
8.21,5.39,1.28,4.13,11.79,SSIM
7.99,7.84,3.32,4.25,13.46,SSIM
8.03,8.33,3.42,4.57,13.85,SSIM
7.4,13.13,10.11,19.52,13.38,SSIM
6.17,15.5,9.32,19.78,14.9,SSIM
8.36,8.03,3.38,2.28,13.66,SSIM
6.07,2.1,1.43,0.45,2.04,SSIM
6.77,6.98,6.26,12.98,11.73,SSIM
7.32,8.53,5.74,9.95,17.99,SSIM
7.19,6.8,5.83,12.58,13.58,SSIM
7,7.58,6.12,15.35,11.93,SSIM
7.6,8.8,5.73,14.4,13.38,SSIM
7.81,6.13,13.73,9.56,15.08,SSIM
4.34,8.51,5.22,1.7,9.71,SSIM
8,7.9,3.3,4.21,13.47,SSIM
8.76,5.21,1.82,2.54,13.66,SSIM
7.4,12.44,10.83,22.72,13.38,SSIM
9,7.43,3.25,1.76,13.41,SSIM
8.24,5.42,0.99,4.02,11.7,SSIM
7.9,7.18,5.68,14.46,10.23,SSIM
5.5,18.79,4.98,4.27,11.66,SSIM
7.8,8.54,3.68,4.64,13.38,SSIM
8.02,6.62,5.98,4.84,12.11,SSIM
8.68,5.61,1.94,4.12,11.93,SSIM
7.71,7.96,5.19,5.63,16.18,SSIM
9.82,2.42,1.76,1.55,2.33,SSIM
7.83,6.72,5.29,4.74,15.05,SSIM
7.2,6.9,5.79,12.28,13.54,SSIM
6.74,6.99,6.3,13.41,11.64,SSIM
5,17.69,5.34,10.08,13.38,SSIM
7.7,5.43,1.24,3.16,10.03,SSIM
7.49,13.36,4.15,3.11,11.73,SSIM
5.5,18.79,4.97,4.26,11.61,SSIM
9.5,1.64,1.39,5,11.57,SSIM
8.23,5.64,2.04,4.34,11.73,SSIM
6.79,7.13,6.23,13.13,12.31,SSIM
7.99,7.84,3.32,4.26,13.47,SSIM
8.29,6.13,1.24,5.2,10.05,SSIM
4.34,8.68,5.29,2.07,9.62,SSIM
7.9,8.17,6.72,17.72,12.57,SSIM
8.7,5.58,1.78,4.27,11.85,SSIM
5.7,7.77,6.33,18.29,15.97,SSIM
6.1,7.3,7.74,12.04,10.25,SSIM
7.83,6.62,5.29,4.78,14.9,SSIM
9,7.43,3.3,1.76,13.43,SSIM
7.69,5.64,2.24,3.39,10.02,SSIM
7.99,7.84,3.31,4.22,13.44,SSIM
6.5,12.05,5.81,11.78,11.62,SSIM
8.61,5.74,2.5,3.44,12.21,SSIM
9.5,1.64,1.3,5,11.55,SSIM
7.98,7.84,3.28,4.35,13.65,SSIM
7.75,8.22,7.21,20.75,11.53,SSIM
8.28,6.2,1.36,5.63,9.55,SSIM
9.86,2.88,1.66,1.31,1.91,SSIM
8.38,6.04,4.29,5.93,14.21,SSIM
7.57,9.07,5.32,3.51,16.18,SSIM
8.4,7.66,6.51,11.04,13.38,SSIM
5.2,22.03,7.09,4.8,13.38,SSIM
9.49,1.65,1.74,5.01,11.62,SSIM
7.18,7.41,6.43,13.1,13.58,SSIM
4.34,8.33,5.06,1.9,9.78,SSIM
7,7.58,6.12,15.33,11.97,SSIM
8.23,5.49,1.49,4.1,11.72,SSIM
4.88,21.29,6.61,3.44,17.29,SSIM
8,7.84,3.3,4.21,13.43,SSIM
7.19,7.29,6.31,12.95,13.54,SSIM
7.2,6.84,5.79,12.3,13.47,SSIM
8.21,5.51,1.28,4.05,11.93,SSIM
8.7,5.41,2.42,1.77,14,SSIM
6.57,6.52,6.18,11.65,12.11,SSIM
8.16,5.5,2,4.71,12.07,SSIM
7.14,11.54,9.32,21.96,16.18,SSIM
6.78,7.13,6.24,13.15,12.2,SSIM
8.72,5.32,2.19,2.09,13.91,SSIM
8.2,5.41,1.44,4.24,11.85,SSIM
7.18,7,6.03,12.88,13.58,SSIM
7.76,7.73,5.6,12.2,13.05,SSIM
8.66,5.64,2.08,3.96,12,SSIM
7.22,8.58,5.41,10.58,12.32,SSIM
4.8,7.6,8.68,4.64,13.38,SSIM
5.19,4.93,1.08,2.46,2.15,SSIM
5.41,18.47,3.4,4.69,13.93,SSIM
4.47,22.7,5.89,6.66,13.34,SSIM
8.97,2.02,1.11,1.66,9.35,SSIM
7.06,5.32,1.44,1.6,7.35,SSIM
8.65,5.67,2.22,3.8,12.07,SSIM
8.23,5.36,1.04,3.99,11.71,SSIM
7.8,12.07,3.81,2.88,13.38,SSIM
4.34,9.54,4.77,0.61,9.85,SSIM
7.05,5.46,1.53,1.6,7.45,SSIM
7.04,7.39,6.09,14.92,12.31,SSIM
8.64,5.69,2.3,3.7,12.11,SSIM
6.61,6.55,6.15,11.42,12.41,SSIM
5.19,13.04,5.67,5.14,13.71,SSIM
7.99,7.84,3.31,4.23,13.44,SSIM
2.54,10.63,5.58,2.04,6.34,SSIM
7.05,10,3.87,7.47,12.07,SSIM
7.99,6.13,2.48,10.47,11.7,SSIM
9,7.43,3.28,1.76,13.42,SSIM
6.81,6.97,6.23,12.94,12.2,SSIM
7.66,7.14,4.59,11.67,15.09,SSIM
4.02,7.95,4.83,21.25,11.93,SSIM
6.14,4.5,0.92,0.82,2.15,SSIM
8.68,5.49,2.63,1.45,14.08,SSIM
5.49,13.06,4.92,4.2,11.73,SSIM
7.97,7.85,3.42,4.5,13.61,SSIM
5.77,7.69,7.96,33.81,11.95,SSIM
7.82,6.82,5.3,4.7,15.16,SSIM
8.16,5.61,1.94,4.58,12.2,SSIM
7.04,10.02,3.87,7.42,11.98,SSIM
5.19,4.42,1.1,2.49,2.15,SSIM
8.76,5.11,2.12,2.74,13.67,SSIM
8.23,5.61,1.71,4.15,11.7,SSIM
7.2,6.87,5.79,12.29,13.51,SSIM
8.98,2.04,1.1,1.79,9.35,SSIM
6.76,9.83,7.77,23.05,18.44,SSIM
7,8.76,6.61,13.28,13.38,SSIM
6.67,16.16,16.86,33.89,14.9,SSIM
8.01,8.03,3.33,4.32,13.61,SSIM
7.15,8.5,7.55,14.65,13.83,SSIM
7.99,6,1.07,4.42,9.86,SSIM
7.99,7.84,3.33,4.27,13.47,SSIM
7.99,7.84,3.32,4.24,13.45,SSIM
8.96,2.14,1.34,1.83,9.43,SSIM
5.8,5.83,6.72,10.4,9.98,SSIM
8,6.08,2.45,10.49,11.62,SSIM
7.5,8.56,5.51,8.13,17.29,SSIM
8,6.67,6.01,4.76,11.62,SSIM
7.94,5.89,1.72,5.07,9.59,SSIM
8.92,2.49,0.89,1.79,9.91,SSIM
6.55,6.7,6.18,11.56,12.2,SSIM
8.23,5.39,1.22,4.21,11.78,SSIM
7.04,10.03,3.87,7.4,11.93,SSIM
6,14.96,9.85,30.56,14.9,SSIM
6.52,6.48,6.2,11.24,11.73,SSIM
8.74,5.14,3.05,2.38,13.8,SSIM
8.74,5.17,1.52,2.64,13.86,SSIM
8.03,8.27,3.4,4.52,13.81,SSIM
8.2,5.46,1.64,4.42,11.93,SSIM
8.33,7.1,6.59,2,14.9,SSIM
9.33,2.78,2.65,3.47,12.26,SSIM
8.99,7.43,3.41,1.76,13.47,SSIM
7.86,15.63,4.07,4.57,13.36,SSIM
